id,Mode,Prompt,Reference,Local_Output,Local_Score,Local_Reason,Cloud_Output,Cloud_Score,Cloud_Reason
CMMLU_LITE_Business_Ethics_1,📚 学科综合,"[任务] 请作为相关领域的专家，回答以下单项选择题。

[题目]
企业价值观的中心内容是

[选项]
A. 企业伦理观
B. 道德伦理观
C. 道德善恶观
D. 企业人文观

[要求] 仅输出正确选项的字母（如 A、B、C 或 D），不需要解释。",Correct Option: A,"<think>
A",10,正确 (A),A,10,正确 (A)
CMMLU_LITE_Business_Ethics_2,📚 学科综合,"[任务] 请作为相关领域的专家，回答以下单项选择题。

[题目]
市场经济按其发展程度高低经历了实物交换关系、货币交换 关系和（）三种形态

[选项]
A. 商业交换关系
B. 信贷交换关系
C. 信用交换关系
D. 纸币交换关系

[要求] 仅输出正确选项的字母（如 A、B、C 或 D），不需要解释。",Correct Option: C,"<think>
C",10,正确 (C),C,10,正确 (C)
CMMLU_LITE_Business_Ethics_0,📚 学科综合,"[任务] 请作为相关领域的专家，回答以下单项选择题。

[题目]
保护产权的途径（）a国家政治；b国家法律；c道德观念；d遵纪守法的广泛宣传

[选项]
A. ab
B. abcd
C. abc
D. bcd

[要求] 仅输出正确选项的字母（如 A、B、C 或 D），不需要解释。",Correct Option: B,"<think>
",0,"无法提取选项 (Raw: <think>
...)",B,10,正确 (B)
CMMLU_LITE_Business_Ethics_3,📚 学科综合,"[任务] 请作为相关领域的专家，回答以下单项选择题。

[题目]
资本主义契约制度的典型特征是

[选项]
A. 国家对契约严加干预
B. 实行契约自由原则
C. 对违约者的惩罚极其严格，甚至施以刑罚
D. 注重形式，程序繁琐

[要求] 仅输出正确选项的字母（如 A、B、C 或 D），不需要解释。",Correct Option: B,"<think>
B",10,正确 (B),B,10,正确 (B)
CMMLU_LITE_Business_Ethics_4,📚 学科综合,"[任务] 请作为相关领域的专家，回答以下单项选择题。

[题目]
在商业行为过程中，从动机到效果，表现为两者的

[选项]
A. 一致性
B. 不一定一致
C. 其他
D. 非一致性

[要求] 仅输出正确选项的字母（如 A、B、C 或 D），不需要解释。",Correct Option: B,"<think>
B",10,正确 (B),B,10,正确 (B)
CMMLU_LITE_Business_Ethics_5,📚 学科综合,"[任务] 请作为相关领域的专家，回答以下单项选择题。

[题目]
一定社会的伦理受制于一定社会的（）和经济关系

[选项]
A. 所有制形式
B. 道德形式
C. 财产权形式
D. 法律形式

[要求] 仅输出正确选项的字母（如 A、B、C 或 D），不需要解释。",Correct Option: A,"<think>
A",10,正确 (A),A,10,正确 (A)
CMMLU_LITE_Business_Ethics_7,📚 学科综合,"[任务] 请作为相关领域的专家，回答以下单项选择题。

[题目]
2016年，年仅22岁的魏则西因癌症去世。他此前曾相信百度上关于“免疫治疗法”癌症治愈率高达90%的广告，花了高昂医药费用却毫无效果。该事件体现了企业违反了营销的道德的

[选项]
A. 不欺负弱小、不强买强卖
B. 不搞恶俗、弘扬正能量
C. 不投机取巧、故意混淆
D. 不虚假、夸大宣传

[要求] 仅输出正确选项的字母（如 A、B、C 或 D），不需要解释。",Correct Option: D,"<think>
D",10,正确 (D),D,10,正确 (D)
CMMLU_LITE_Business_Ethics_6,📚 学科综合,"[任务] 请作为相关领域的专家，回答以下单项选择题。

[题目]
发挥制度规则外在机制和()的作用是实现公正合理的经济伦理秩序的两个缺一不可的途径

[选项]
A. 政治权利平等
B. 道德内在机制
C. 制度法律
D. 社会公正秩序

[要求] 仅输出正确选项的字母（如 A、B、C 或 D），不需要解释。",Correct Option: B,"<think>
B",10,正确 (B),B,10,正确 (B)
CMMLU_LITE_Business_Ethics_9,📚 学科综合,"[任务] 请作为相关领域的专家，回答以下单项选择题。

[题目]
下列行为属于会计活动中不道德行为的是（）a做假帐；b软敲诈；c杠杆收购；d不道德的融资；e不道德投资

[选项]
A. a
B. abcde
C. abc
D. ab

[要求] 仅输出正确选项的字母（如 A、B、C 或 D），不需要解释。",Correct Option: A,"<think>
A",10,正确 (A),B,0,"错误 (预期A, 实B)"
CMMLU_LITE_Business_Ethics_8,📚 学科综合,"[任务] 请作为相关领域的专家，回答以下单项选择题。

[题目]
整合同化理论指明，跨国公司的管理应该具有发展性和

[选项]
A. 全局性
B. 人文性
C. 上升性
D. 稳定性

[要求] 仅输出正确选项的字母（如 A、B、C 或 D），不需要解释。",Correct Option: D,"<think>
A",0,"错误 (预期D, 实A)",A,0,"错误 (预期D, 实A)"
CMMLU_LITE_Accounting_0,📚 学科综合,"[任务] 请作为相关领域的专家，回答以下单项选择题。

[题目]
下列会计凭证中，属于原始凭证的是

[选项]
A. 收款凭证
B. 银行存款余额调节表
C. 收料单
D. 科目汇总表

[要求] 仅输出正确选项的字母（如 A、B、C 或 D），不需要解释。",Correct Option: C,"<think>
C",10,正确 (C),C,10,正确 (C)
CMMLU_LITE_Accounting_1,📚 学科综合,"[任务] 请作为相关领域的专家，回答以下单项选择题。

[题目]
对银行存款进行清查时，应在查明未达账项的基础上编制

[选项]
A. 银行存款试算平衡表
B. 银行存款余额调节表
C. 银行存款盘点报告表
D. 银行存款实存账存对比表

[要求] 仅输出正确选项的字母（如 A、B、C 或 D），不需要解释。",Correct Option: B,"<think>
B",10,正确 (B),B,10,正确 (B)
CMMLU_LITE_Accounting_2,📚 学科综合,"[任务] 请作为相关领域的专家，回答以下单项选择题。

[题目]
汇总付款凭证的贷方科目是

[选项]
A. 应付账款
B. 实收资本
C. 管理费用
D. 银行存款

[要求] 仅输出正确选项的字母（如 A、B、C 或 D），不需要解释。",Correct Option: D,"<think>
D",10,正确 (D),A,0,"错误 (预期D, 实A)"
CMMLU_LITE_Accounting_3,📚 学科综合,"[任务] 请作为相关领域的专家，回答以下单项选择题。

[题目]
尚未完成全部生产加工过程，仍需进一步加工的中间产品是

[选项]
A. 库存商品
B. 产成品
C. 半成品
D. 周转材料

[要求] 仅输出正确选项的字母（如 A、B、C 或 D），不需要解释。",Correct Option: C,"<think>
C",10,正确 (C),C,10,正确 (C)
CMMLU_LITE_Accounting_5,📚 学科综合,"[任务] 请作为相关领域的专家，回答以下单项选择题。

[题目]
资产负债表日，交易性金融资产公允价值高于其账面价值的差额，应贷记的会计科目是

[选项]
A. “交易性金融资产——成本”
B. “公允价值变动损益”
C. “交易性金融资产——公允价值变动”
D. “投资收益”

[要求] 仅输出正确选项的字母（如 A、B、C 或 D），不需要解释。",Correct Option: B,"<think>
B",10,正确 (B),C,0,"错误 (预期B, 实C)"
CMMLU_LITE_Accounting_6,📚 学科综合,"[任务] 请作为相关领域的专家，回答以下单项选择题。

[题目]
下列各项中，不应直接计入当期损益的是

[选项]
A. 制造费用
B. 所得税
C. 财务费用
D. 管理费用

[要求] 仅输出正确选项的字母（如 A、B、C 或 D），不需要解释。",Correct Option: A,"<think>
A",10,正确 (A),A,10,正确 (A)
CMMLU_LITE_Accounting_4,📚 学科综合,"[任务] 请作为相关领域的专家，回答以下单项选择题。

[题目]
由于日常收发计量原因造成的材料盘盈，按管理权限报经批准后，应贷记的账户是

[选项]
A. “其他应付款”
B. “管理费用”
C. “营业外收入”
D. “待处理财产损溢”

[要求] 仅输出正确选项的字母（如 A、B、C 或 D），不需要解释。",Correct Option: B,"<think>
",0,"无法提取选项 (Raw: <think>
...)",B,10,正确 (B)
CMMLU_LITE_Accounting_8,📚 学科综合,"[任务] 请作为相关领域的专家，回答以下单项选择题。

[题目]
借贷记账法下，对账户记录进行试算平衡所涉及的账户是

[选项]
A. 资产类账户
B. 负债类账户
C. 损益类账户
D. 全部账户

[要求] 仅输出正确选项的字母（如 A、B、C 或 D），不需要解释。",Correct Option: D,"<think>
D",10,正确 (D),D,10,正确 (D)
CMMLU_LITE_Accounting_7,📚 学科综合,"[任务] 请作为相关领域的专家，回答以下单项选择题。

[题目]
按用途和结构分类，“在途物资”账户属于

[选项]
A. 调整账户
B. 资产账户
C. 成本计算账户
D. 盘存账户

[要求] 仅输出正确选项的字母（如 A、B、C 或 D），不需要解释。",Correct Option: C,"<think>
",0,"无法提取选项 (Raw: <think>
...)",D,0,"错误 (预期C, 实D)"
CMMLU_LITE_Accounting_9,📚 学科综合,"[任务] 请作为相关领域的专家，回答以下单项选择题。

[题目]
下列各项中，可以用现金支付的是

[选项]
A. 支付固定资产价款50 000元
B. 职工预借差旅费3 000元
C. 偿还欠款8 000元
D. 支付原材料价款51 000元

[要求] 仅输出正确选项的字母（如 A、B、C 或 D），不需要解释。",Correct Option: B,"<think>
B",10,正确 (B),B,10,正确 (B)
CMMLU_CoT_Economics_1,📚 学科综合,"[任务] 请作为相关领域的专家，回答以下单项选择题。

[题目]
供给的变动是指（）不变条件下，其他因素变动所引起的供给的变动。

[选项]
A. 本身的价格
B. 偏好
C. 技术
D. 产量
[要求] 请采用思维链 (Chain-of-Thought) 策略进行回答。
1. 首先，深入分析题干与选项的逻辑关系。
2. 然后，一步步推导正确答案（Step-by-step Reasoning）。
3. 最后，在独立的一行明确输出：答案：X (X为选项字母)。",Correct Option: A,"<think>
1. 题干要求找出在什么不变条件下，其他因素变动会引起供给的变动。根据经济学理论，供给变动通常指供给曲线的移动，而非沿曲线的变动。供给曲线的移动由非价格因素（如技术、成本、预期等）引起，而沿曲线的变动由商品自身价格变化引起。  
2. 选项分析：  
   - **A. 本身的价格**：若商品自身价格不变，其他因素（如技术、成本）变动会导致供给曲线移动，符合供给变动的定义。  
   - **B. 偏好**：偏好属于需求因素，与供给无关。  
   - **C. 技术**：技术是影响供给的因素之一，但题目要求的是“不变条件”，因此技术属于变动因素，而非不变条件。  
   - **D. 产量**：产量是供给的结果，而非影响供给的条件。  
3. 综合判断，正确答案为A，因为供给变动的定义明确要求“本身的价格”不变，其他因素变动才会导致供给曲线移动。  

答案：A",10,正确 (A),"1. **分析题干与选项的逻辑关系**：  
   - 题干考查的是“供给的变动”的定义。在经济学中，“供给的变动”与“供给量的变动”是两个不同概念。  
   - “供给的变动”是指除商品自身价格外，其他因素（如技术、生产成本、相关商品价格、预期、生产者数量等）变化导致的供给曲线整体移动。  
   - “供给量的变动”则是指在其他条件不变时，仅因商品自身价格变化引起的供给量沿供给曲线的移动。  
   - 题干明确指出“______不变条件下，其他因素变动所引起的供给的变动”，因此空白处应是指“商品自身价格”保持不变。

2. **逐步推导**：  
   - 选项A“本身的价格”符合经济学中“供给的变动”的前提条件，即自身价格不变，其他因素变化导致供给曲线移动。  
   - 选项B“偏好”是影响需求的因素，不是供给变动中保持不变的条件。  
   - 选项C“技术”是影响供给的因素之一，但技术变动会导致供给变动，而不是保持不变的条件。  
   - 选项D“产量”是供给变动的结果，不是保持不变的条件。  

3. **结论**：根据经济学定义，供给的变动是在商品自身价格不变时，由其他因素引起的供给曲线的移动。

答案：A",10,正确 (A)
CMMLU_CoT_Economics_0,📚 学科综合,"[任务] 请作为相关领域的专家，回答以下单项选择题。

[题目]
下列选项中，符合我国当前处于工业化加速时期的产业结构特点的是

[选项]
A. 技术知识密集型产业占第二产业比重迅速上升
B. 城市化基本结束
C. 制造业处于成长期
D. 制造业处于结构高变换率时期
[要求] 请采用思维链 (Chain-of-Thought) 策略进行回答。
1. 首先，深入分析题干与选项的逻辑关系。
2. 然后，一步步推导正确答案（Step-by-step Reasoning）。
3. 最后，在独立的一行明确输出：答案：X (X为选项字母)。",Correct Option: D,"<think>
",0,"无法提取选项 (Raw: <think>
...)","1. **分析题干与选项的逻辑关系**：  
   - 题干要求找出符合我国当前（工业化加速时期）产业结构特点的选项。  
   - 工业化加速时期通常指工业化中期到后期过渡阶段，产业结构快速变化，制造业规模扩张且内部结构升级，城市化进程仍在推进。  
   - 选项分析：  
     - **A**：技术知识密集型产业占第二产业比重迅速上升，这更符合后工业化时期或工业化后期特征，当前我国虽在升级，但“迅速上升”并非加速期最典型特点。  
     - **B**：城市化基本结束，明显错误，我国城市化仍在进行中。  
     - **C**：制造业处于成长期，表述较笼统，工业化加速期制造业已超越成长期，进入规模扩张与结构转型并存的阶段。  
     - **D**：制造业处于结构高变换率时期，符合工业化加速期特征，因为此阶段制造业内部技术升级、产业更替速度快。  

2. **逐步推导**：  
   - 我国当前处于工业化中后期，产业结构特点包括：制造业结构快速调整（高变换率）、城市化持续但未结束、传统制造业与高端制造并存。  
   - 结合经济学理论，工业化加速时期制造业结构变动剧烈，高变换率是典型特点。  
   - 对比选项，D 最贴合我国现状（如产业升级、新旧动能转换）。  

答案：D",10,正确 (D)
CMMLU_CoT_Economics_2,📚 学科综合,"[任务] 请作为相关领域的专家，回答以下单项选择题。

[题目]
下列关于消费水平对消费结构的影响的说法中，正确的是

[选项]
A. 耐用消费品支出比重随消费水平提高持续提高
B. 消费水平较低时，食品支出比重较高，随消费水平提高，食品支出比重有下降趋势
C. 住房医疗等支出项目随消费水平提高呈下降趋势
D. 低收入国家劳务支出比重高，高收入国家劳务支出比重低
[要求] 请采用思维链 (Chain-of-Thought) 策略进行回答。
1. 首先，深入分析题干与选项的逻辑关系。
2. 然后，一步步推导正确答案（Step-by-step Reasoning）。
3. 最后，在独立的一行明确输出：答案：X (X为选项字母)。",Correct Option: B,"<think>
1. 题干要求判断消费水平对消费结构的影响，需结合经济学理论（如恩格尔系数）分析选项。  
2. **选项B**符合恩格尔定律：消费水平较低时，食品支出占比较高；随着收入增长，食品支出比重下降，其他非食品支出比重上升。  
3. **选项A**错误，耐用消费品比重可能随消费水平提高先上升后趋于稳定，而非持续提高。  
4. **选项C**错误，住房、医疗等基本需求支出通常随消费水平提高而增加，而非下降。  
5. **选项D**表述模糊，若劳务支出指服务消费，高收入国家可能更倾向于服务消费，而非降低比重。  
答案：B",10,正确 (B),Error,0,Connection error.
CMMLU_CoT_Economics_3,📚 学科综合,"[任务] 请作为相关领域的专家，回答以下单项选择题。

[题目]
股份有限公司创立大会必须有（），方可举行。

[选项]
A. 全体认股人出席
B. 代表股份总数过半数的发起人、认股人出席
C. 发起人、认股人出席人数占总人数三分之二以上
D. 全体发起人出席
[要求] 请采用思维链 (Chain-of-Thought) 策略进行回答。
1. 首先，深入分析题干与选项的逻辑关系。
2. 然后，一步步推导正确答案（Step-by-step Reasoning）。
3. 最后，在独立的一行明确输出：答案：X (X为选项字母)。",Correct Option: B,"<think>
1. 首先，题目涉及股份有限公司创立大会的法定条件。根据《公司法》相关规定，创立大会的召开需满足股份比例和出席人数的双重要求，而非单纯依赖人数或全体参与。  
2. 其次，选项分析：  
   - **A**（全体认股人出席）和 **D**（全体发起人出席）均要求全员参与，不符合实际操作性。  
   - **C**（人数三分之二以上）关注人数比例，但法律更侧重股份比例而非人数。  
   - **B**（代表股份总数过半数的发起人、认股人出席）符合《公司法》中“股份总数过半数”的法定要求，确保决策代表性。  
3. 最终结论：正确答案为 **B**。  

答案：B",10,正确 (B),Error,0,Connection error.
CMMLU_CoT_Economics_4,📚 学科综合,"[任务] 请作为相关领域的专家，回答以下单项选择题。

[题目]
无差异曲线是一条凸向原点的曲线，这是由（）决定的。

[选项]
A. 边际成本递减
B. 总效用递减
C. 边际替代率递减
D. 边际效用递减
[要求] 请采用思维链 (Chain-of-Thought) 策略进行回答。
1. 首先，深入分析题干与选项的逻辑关系。
2. 然后，一步步推导正确答案（Step-by-step Reasoning）。
3. 最后，在独立的一行明确输出：答案：X (X为选项字母)。",Correct Option: C,"<think>
无差异曲线的凸向原点特性源于边际替代率递减规律。边际替代率（MRS）表示消费者在保持效用不变时，愿意用一种商品替代另一种商品的比率。随着一种商品消费量的增加，消费者为获得额外单位该商品而愿意放弃的另一种商品数量逐渐减少，导致无差异曲线向原点凸出。这一现象直接由边际替代率递减决定，而非边际成本、总效用或边际效用的递减。  

答案：C",10,正确 (C),Error,0,Connection error.
CMMLU_CoT_Economics_5,📚 学科综合,"[任务] 请作为相关领域的专家，回答以下单项选择题。

[题目]
股份有限公司注册资本的最低限额为（）。股份有限公司注册资本最低限额需高于上述所定限额的，由法律、行政法规另行规定。

[选项]
A. 人民币2000万元
B. 人民币500万元
C. 人民币4000万元
D. 人民币1000万元
[要求] 请采用思维链 (Chain-of-Thought) 策略进行回答。
1. 首先，深入分析题干与选项的逻辑关系。
2. 然后，一步步推导正确答案（Step-by-step Reasoning）。
3. 最后，在独立的一行明确输出：答案：X (X为选项字母)。",Correct Option: B,"<think>
1. 题干明确指出股份有限公司注册资本的最低限额，并提到若需高于该限额，由法律、行政法规另行规定。这表明题目考察的是现行法律中的基础最低限额，而非特殊行业或修订后的规定。  
2. 根据中国《公司法》（2014年修订前）的规定，股份有限公司的注册资本最低限额为人民币1000万元。修订后虽取消了最低注册资本限制，但题目选项仍基于旧法框架，因此需选择原法定最低限额。  
3. 选项D（人民币1000万元）符合修订前的法律规定，而其他选项（如500万元或2000万元）均不符合原法规定。  

答案：D",0,"错误 (预期B, 实D)",Error,0,Connection error.
CMMLU_CoT_Economics_7,📚 学科综合,"[任务] 请作为相关领域的专家，回答以下单项选择题。

[题目]
功能分配也叫要素分配，它最注重的是在总体国民收入中

[选项]
A. 每种要素获得的收入所占的百分比
B. 各个个人从某个要素中获得收入是多少
C. 各个个人从各要素中获得收入是多少
D. 各个个人从某个要素收入中所占的百分比
[要求] 请采用思维链 (Chain-of-Thought) 策略进行回答。
1. 首先，深入分析题干与选项的逻辑关系。
2. 然后，一步步推导正确答案（Step-by-step Reasoning）。
3. 最后，在独立的一行明确输出：答案：X (X为选项字母)。",Correct Option: A,"<think>
功能分配（要素分配）的核心在于分析不同生产要素（如劳动力、资本、土地等）在国民收入中的贡献比例。其关注点是**要素本身**在总收入中的占比，而非个人或具体分配方式。  
- **选项A**直接对应要素收入占比，符合功能分配的定义。  
- **选项B、C、D**均涉及个人层面的收入分配，属于个人收入分配或再分配的范畴，而非功能分配的核心。  

答案：A",10,正确 (A),Error,0,Connection error.
CMMLU_CoT_Economics_6,📚 学科综合,"[任务] 请作为相关领域的专家，回答以下单项选择题。

[题目]
消费经济学和市场营销学

[选项]
A. 都是属于宏观经济学
B. 学科内容相同
C. 都是属于微观经济学
D. 都是研究消费者行为
[要求] 请采用思维链 (Chain-of-Thought) 策略进行回答。
1. 首先，深入分析题干与选项的逻辑关系。
2. 然后，一步步推导正确答案（Step-by-step Reasoning）。
3. 最后，在独立的一行明确输出：答案：X (X为选项字母)。",Correct Option: D,"<think>
1. **分析题干与选项**：题目要求判断消费经济学和市场营销学的学科归属及研究内容。选项涉及经济学分支（宏观/微观）和研究主题（消费者行为）。

2. **逐步推导**：
   - **消费经济学**：属于微观经济学，研究消费者行为、消费决策及其对经济的影响。
   - **市场营销学**：属于管理学或商业学科，研究市场策略、消费者需求及营销手段，虽涉及消费者行为，但侧重点不同。
   - **选项C**（均属微观经济学）错误，因市场营销学不属于经济学分支。
   - **选项D**（均研究消费者行为）正确，两者均关注消费者行为，但研究角度和应用领域不同。
   - **选项A/B**（宏观经济学/内容相同）明显错误。

3. **结论**：正确答案为D，因两者均研究消费者行为，尽管学科归属不同。

答案：D",10,正确 (D),Error,0,Connection error.
CMMLU_CoT_Economics_9,📚 学科综合,"[任务] 请作为相关领域的专家，回答以下单项选择题。

[题目]
在需求不变的情况下，供给增加会使得均衡数量

[选项]
A. 不能确定
B. 不变
C. 下降
D. 上升
[要求] 请采用思维链 (Chain-of-Thought) 策略进行回答。
1. 首先，深入分析题干与选项的逻辑关系。
2. 然后，一步步推导正确答案（Step-by-step Reasoning）。
3. 最后，在独立的一行明确输出：答案：X (X为选项字母)。",Correct Option: D,"<think>
在需求不变的情况下，供给增加会导致供给曲线向右平移。供给曲线的右移会使均衡价格下降，同时均衡数量增加。这是因为供给增加会推动市场交易量上升，而需求不变时，价格下降不会影响需求量，因此均衡数量必然上升。选项D符合这一逻辑。

答案：D",10,正确 (D),Error,0,Connection error.
CMMLU_CoT_Economics_8,📚 学科综合,"[任务] 请作为相关领域的专家，回答以下单项选择题。

[题目]
当单一可变投入要素的价格等于它的边际产量收入时，可变投入要素的投入量可使

[选项]
A. 企业的总利润最大
B. 企业的平均产量最大
C. 企业的总产量最大
D. 企业的生产成本最低
[要求] 请采用思维链 (Chain-of-Thought) 策略进行回答。
1. 首先，深入分析题干与选项的逻辑关系。
2. 然后，一步步推导正确答案（Step-by-step Reasoning）。
3. 最后，在独立的一行明确输出：答案：X (X为选项字母)。",Correct Option: A,"<think>
当单一可变投入要素的价格等于其边际产量收入时，企业处于利润最大化状态。边际产量收入（MRP）是边际产量（MP）乘以产品价格（P），即 MRP = MP × P。当投入要素的价格（如工资率 w）等于 MRP 时，企业通过调整投入量使边际收益（MRP）等于边际成本（w），从而实现利润最大化。此时，企业不再",0,"无法提取选项 (Raw: <think>
当单一可变投入要素的价格...)",Error,0,Connection error.
CMMLU_CoT_Civil_Service_Exam_0,📚 学科综合,"[任务] 请作为相关领域的专家，回答以下单项选择题。

[题目]
关于近五年我国天文科技成就，下列说法错误的是

[选项]
A. 发现了新的太阳体系外行星族群——热海星
B. 拥有了世界最大口径光学红外望远镜
C. 在中国首次成功实现了月球激光测距
D. 发现了迄今为止最高能量的宇宙伽玛射线
[要求] 请采用思维链 (Chain-of-Thought) 策略进行回答。
1. 首先，深入分析题干与选项的逻辑关系。
2. 然后，一步步推导正确答案（Step-by-step Reasoning）。
3. 最后，在独立的一行明确输出：答案：X (X为选项字母)。",Correct Option: B,"<think>
",0,"无法提取选项 (Raw: <think>
...)",Error,0,Connection error.
CMMLU_CoT_Civil_Service_Exam_1,📚 学科综合,"[任务] 请作为相关领域的专家，回答以下单项选择题。

[题目]
经济赤字：收入：开支

[选项]
A. 背信弃义：诺言：谎言
B. 销售利润：进价：售价
C. 优胜劣汰：适应：淘汰
D. 债务纠纷：还钱：借线
[要求] 请采用思维链 (Chain-of-Thought) 策略进行回答。
1. 首先，深入分析题干与选项的逻辑关系。
2. 然后，一步步推导正确答案（Step-by-step Reasoning）。
3. 最后，在独立的一行明确输出：答案：X (X为选项字母)。",Correct Option: B,"<think>
经济赤字是指开支超过收入的情况，即第三个词（开支）大于第二个词（收入）导致第一个词（经济赤字）的出现。选项B中的销售利润是售价（第三个词）大于进价（第二个词）时产生的结果，结构与题干一致。其他选项的关系不符合这种数量对比导致结果的逻辑。  
答案：B",10,正确 (B),Error,0,Connection error.
CMMLU_CoT_Civil_Service_Exam_2,📚 学科综合,"[任务] 请作为相关领域的专家，回答以下单项选择题。

[题目]
这一事件再次敲响警钟：旅游有风险，安全意识不能__。风险，有时来自陌生环境和游人的猎奇心理。因此，我们在旅游前一定要做足功课，对旅行目的地要有所认识和准备，不对风险抱侥幸心理。带孩子出去玩的家长尤其要加强警觉。同时，相关部门和景区方面，也要切实承担责任，为游客安全__。依次填入划横线部分最恰当的一项是

[选项]
A. 怠慢添砖加瓦
B. 放松披荆斩棘
C. 懈怠遮风挡雨
D. 松懈保驾护航
[要求] 请采用思维链 (Chain-of-Thought) 策略进行回答。
1. 首先，深入分析题干与选项的逻辑关系。
2. 然后，一步步推导正确答案（Step-by-step Reasoning）。
3. 最后，在独立的一行明确输出：答案：X (X为选项字母)。",Correct Option: D,"<think>
1. **分析题干逻辑**：  
   题目强调旅游风险与安全意识的重要性，第一空需填入与“安全意识”搭配的动词，表达“不能怎样”的警示；第二空需填入与“为游客安全”搭配的动词短语，体现相关部门的责任。  

2. **推导第一空**：  
   - “怠慢”（A）侧重做事不及时，与“安全意识”关联较弱；  
   - “放松”（B）和“松懈”（D）均指警惕性降低，但“松懈”更贴合“安全意识”的语境（如“不能松懈警惕”）；  
   - “懈怠”（C）侧重懒散，更适用于工作态度而非安全意识。  
   → **第一空优先选D（松懈）或C（懈怠）**。  

3. **推导第二空**：  
   - “添砖加瓦”（A）强调贡献，但与“安全”关联弱；  
   - “披荆",10,正确 (D),Error,0,Connection error.
CMMLU_CoT_Civil_Service_Exam_3,📚 学科综合,"[任务] 请作为相关领域的专家，回答以下单项选择题。

[题目]
某农户饲养有肉兔和宠物兔两种不同用途的兔子共计2200只，所有兔子的毛色分为黑、白两种颜色。肉兔中有87.5%的毛色为黑色，宠物兔有23%的毛色为白色。那么毛色为白色的肉兔至少有多少只

[选项]
A. 50
B. 200
C. 25
D. 100
[要求] 请采用思维链 (Chain-of-Thought) 策略进行回答。
1. 首先，深入分析题干与选项的逻辑关系。
2. 然后，一步步推导正确答案（Step-by-step Reasoning）。
3. 最后，在独立的一行明确输出：答案：X (X为选项字母)。",Correct Option: C,"<think>
",0,"无法提取选项 (Raw: <think>
...)",Error,0,Connection error.
CMMLU_CoT_Civil_Service_Exam_4,📚 学科综合,"[任务] 请作为相关领域的专家，回答以下单项选择题。

[题目]
杨柳是我国古代诗词里较为常见的意象，往往蕴涵离别之情。下列名句中不是表达送别意象的是

[选项]
A. 庭院深深深几许?杨柳堆烟，幕帘无重数
B. 今宵酒醒何处?杨柳岸、晓风残月
C. 羌笛何须怨杨柳．春风不度玉门关
D. 渭城朝雨渑轻尘。客舍青青柳色新
[要求] 请采用思维链 (Chain-of-Thought) 策略进行回答。
1. 首先，深入分析题干与选项的逻辑关系。
2. 然后，一步步推导正确答案（Step-by-step Reasoning）。
3. 最后，在独立的一行明确输出：答案：X (X为选项字母)。",Correct Option: A,"<think>
1. 首先，题干要求找出**不是表达送别意象**的选项。杨柳在古诗词中常与离别相关，但需具体分析各选项的语境和情感指向。  
2. 选项B出自柳永《雨霖铃》，直接描写离别场景，明确表达送别意象。  
3. 选项C出自王之涣《凉州词》，通过“杨柳”隐喻戍边将士对故乡的思念，间接关联离别。  
4. 选项D出自王维《送元二使安西》，以“柳色新”点明送别场景，是典型送别意象。  
5. 选项A出自欧阳修《蝶恋花》，描绘深闺女子的孤独与思念，虽涉及离愁，但未直接描写送别行为或场景，杨柳在此更多是环境描写而非送别象征。  
答案：A",10,正确 (A),Error,0,Connection error.
CMMLU_CoT_Civil_Service_Exam_6,📚 学科综合,"[任务] 请作为相关领域的专家，回答以下单项选择题。

[题目]
卖给消费者的第一种转基因食物是

[选项]
A. 玉米
B. 大豆
C. 西红柿
D. 水稻
[要求] 请采用思维链 (Chain-of-Thought) 策略进行回答。
1. 首先，深入分析题干与选项的逻辑关系。
2. 然后，一步步推导正确答案（Step-by-step Reasoning）。
3. 最后，在独立的一行明确输出：答案：X (X为选项字母)。",Correct Option: C,"<think>
1. 题干询问的是“卖给消费者的第一种转基因食物”，需明确转基因作物商业化的时间线。  
2. 转基因技术在农业中的应用始于20世纪90年代，美国是最早推广转基因作物的国家。  
3. 1994年，美国批准了首个转基因食品——转基因西红柿“弗莱莎”（Flavr Savr）上市，用于市场销售。  
4. 其他选项中，大豆和玉米的转基因品种虽广泛种植，但商业化时间晚于西红柿；水稻的转基因研究和推广更晚。  
5. 因此，最早被批准销售的转基因食物是西红柿。  

答案：C",10,正确 (C),Error,0,Connection error.
CMMLU_CoT_Civil_Service_Exam_5,📚 学科综合,"[任务] 请作为相关领域的专家，回答以下单项选择题。

[题目]
下列生活中的做法正确的是

[选项]
A. 用家用“84消毒液”对白色织物消毒
B. 用聚氯乙烯（PVC）保鲜膜包裹保存高温油炸食物
C. 用“201不锈钢”制成的锅炒菜
D. 在牙龈肿痛时，用5摄氏度的凉水刷牙
[要求] 请采用思维链 (Chain-of-Thought) 策略进行回答。
1. 首先，深入分析题干与选项的逻辑关系。
2. 然后，一步步推导正确答案（Step-by-step Reasoning）。
3. 最后，在独立的一行明确输出：答案：X (X为选项字母)。",Correct Option: A,"<think>
",0,"无法提取选项 (Raw: <think>
...)",Error,0,Connection error.
CMMLU_CoT_Civil_Service_Exam_8,📚 学科综合,"[任务] 请作为相关领域的专家，回答以下单项选择题。

[题目]
垂直绿化指的是利用攀援植物向空中生长进行纵向绿化的一种方式，以期达到在有限面积内最大限度地利用空气和阳光来提高绿化的效率。根据上述定义，下列涉及垂直绿化的是

[选项]
A. 松树林从山脚一直延伸到山顶
B. 在丘陵地区，人们常使用飞机从空中播种的方式对山地进行绿化
C. 利用巴根草匍匐攀援的特性，人们在沙漠中逐渐开拓出一片绿洲
D. 爬山虎爬满了墙头和屋顶
[要求] 请采用思维链 (Chain-of-Thought) 策略进行回答。
1. 首先，深入分析题干与选项的逻辑关系。
2. 然后，一步步推导正确答案（Step-by-step Reasoning）。
3. 最后，在独立的一行明确输出：答案：X (X为选项字母)。",Correct Option: D,"<think>
1. **分析题干定义**：垂直绿化的核心特征是利用攀援植物的纵向生长特性，在有限空间内高效利用空气和阳光。关键点包括“攀援植物”“纵向绿化”“空间效率”。
   
2. **选项分析**：
   - **A**：松树林是自然森林，非人为利用攀援植物的纵向绿化，不符合定义。
   - **B**：飞机播种属于大面积绿化，未涉及攀援植物或纵向结构，无关。
   - **C**：巴根草匍匐生长为横向扩展，而非纵向攀援，不符合垂直绿化。
   - **D**：爬山虎作为典型攀援植物，沿墙面屋顶纵向生长，完全符合垂直绿化的定义。

3. **结论**：选项D最符合题干中垂直绿化的定义。

答案：D",10,正确 (D),Error,0,Connection error.
CMMLU_CoT_Civil_Service_Exam_7,📚 学科综合,"[任务] 请作为相关领域的专家，回答以下单项选择题。

[题目]
某技校在每月首日招收学员，学习时限以月为周期，每月首日为考核日，考核通过即离校。每批学员学习1个月后，在次月初考核通过的比例为10%，而学习2个月后，仍未通过考核的占该批学员的50%，学习3个月后该批学员全部考核通过离校。如果从3月份起，该技校开始招收学员且每个月招收300名学员，则同年7月2日在该技校的学员有多少名

[选项]
A. 540
B. 720
C. 600
D. 810
[要求] 请采用思维链 (Chain-of-Thought) 策略进行回答。
1. 首先，深入分析题干与选项的逻辑关系。
2. 然后，一步步推导正确答案（Step-by-step Reasoning）。
3. 最后，在独立的一行明确输出：答案：X (X为选项字母)。",Correct Option: B,"<think>
",0,"无法提取选项 (Raw: <think>
...)",Error,0,Connection error.
CMMLU_CoT_Civil_Service_Exam_9,📚 学科综合,"[任务] 请作为相关领域的专家，回答以下单项选择题。

[题目]
下列说法正确的是

[选项]
A. 甲亢症患者应多食用富含碘元素的食物
B. 洗洁精利用表面活性剂将油污溶解成水的原理去污
C. 声呐利用次声波定位物体位置，探测水的深度
D. 一般情况下，将水煮沸能起到软化作用
[要求] 请采用思维链 (Chain-of-Thought) 策略进行回答。
1. 首先，深入分析题干与选项的逻辑关系。
2. 然后，一步步推导正确答案（Step-by-step Reasoning）。
3. 最后，在独立的一行明确输出：答案：X (X为选项字母)。",Correct Option: D,"<think>
1. 首先，分析题干要求选择正确的说法，需逐一验证选项的科学性。  
2. 选项A错误，因甲亢患者需限制碘摄入，而非增加。  
3. 选项B错误，洗洁精通过乳化作用而非溶解油污去污。  
4. 选项C错误，声呐使用超声波而非次声波。  
5. 选项D正确，煮沸可使水中钙、镁离子沉淀，软化水质。  
答案：D",10,正确 (D),Error,0,Connection error.
CMMLU_LITE_International_Law_1,📚 学科综合,"[任务] 请作为相关领域的专家，回答以下单项选择题。

[题目]
依我国法律，公司是依法设立的以营利为目的的

[选项]
A. 独资企业
B. 非法人企业
C. 合伙企业
D. 企业法人

[要求] 仅输出正确选项的字母（如 A、B、C 或 D），不需要解释。",Correct Option: D,"<think>
D",10,正确 (D),Error,0,Connection error.
CMMLU_LITE_International_Law_2,📚 学科综合,"[任务] 请作为相关领域的专家，回答以下单项选择题。

[题目]
国际争端的主体主要是

[选项]
A. 国家
B. 国际组织
C. 跨国公司
D. 涉外企业

[要求] 仅输出正确选项的字母（如 A、B、C 或 D），不需要解释。",Correct Option: A,"<think>
A",10,正确 (A),Error,0,Connection error.
CMMLU_LITE_International_Law_0,📚 学科综合,"[任务] 请作为相关领域的专家，回答以下单项选择题。

[题目]
联合国《国际货物买卖合同公约》规定：“凡本公约未明确解决的属于本公约范围的问题，应按照本公约所依据的一般原则来解决，在没有一般原则的情况下，则应按照国际司法规范规定适用的法律来解决。”其中的“国际司法规范”是指

[选项]
A. 解决国际民商争议的程序规范
B. 国际统一实体规范
C. 冲突规范
D. 外国人民事法律地位规范

[要求] 仅输出正确选项的字母（如 A、B、C 或 D），不需要解释。",Correct Option: C,"<think>
C",10,正确 (C),Error,0,Connection error.
CMMLU_LITE_International_Law_4,📚 学科综合,"[任务] 请作为相关领域的专家，回答以下单项选择题。

[题目]
下列各项制度中被许多人称为国际司法中的“安全阀”的是

[选项]
A. 先决问题
B. 公共秩序保留
C. 反致
D. 识别

[要求] 仅输出正确选项的字母（如 A、B、C 或 D），不需要解释。",Correct Option: B,"<think>
B",10,正确 (B),Error,0,Connection error.
CMMLU_LITE_International_Law_3,📚 学科综合,"[任务] 请作为相关领域的专家，回答以下单项选择题。

[题目]
一项条约有意为第三国创设一项义务，若要该第三国承担该项义务，必须由

[选项]
A. 该第三国至少要默示接受
B. 该第三国以书面明示接受
C. 该第三国明示接受
D. 该第三国明示或默示接受

[要求] 仅输出正确选项的字母（如 A、B、C 或 D），不需要解释。",Correct Option: B,"<think>
",0,"无法提取选项 (Raw: <think>
...)",Error,0,Connection error.
CMMLU_LITE_International_Law_5,📚 学科综合,"[任务] 请作为相关领域的专家，回答以下单项选择题。

[题目]
我国在批准加入海牙《域外送达公约》的决定中，指定有权接受外国通过领事途径转递的文书的中央机关是

[选项]
A. 外交部
B. 公安部
C. 最高人民法院
D. 司法部

[要求] 仅输出正确选项的字母（如 A、B、C 或 D），不需要解释。",Correct Option: D,"<think>
D",10,正确 (D),Error,0,Connection error.
CMMLU_LITE_International_Law_6,📚 学科综合,"[任务] 请作为相关领域的专家，回答以下单项选择题。

[题目]
我国《票据法》规定，支票出票时的记载事项适用出票地法，经当事人协商也可以适用

[选项]
A. 支票签字地法
B. 当事人的属人法
C. 法院地法
D. 付款地法

[要求] 仅输出正确选项的字母（如 A、B、C 或 D），不需要解释。",Correct Option: D,"<think>
D",10,正确 (D),Error,0,Connection error.
CMMLU_LITE_International_Law_8,📚 学科综合,"[任务] 请作为相关领域的专家，回答以下单项选择题。

[题目]
我国《民事诉讼法》第241条规定：外国人、无国籍人、外国企业和组织在人民法院起诉、应诉，需要委托律师代理诉讼的，

[选项]
A. 必须委托中华人民共和国律师
B. 可以委托中华人民共和国律师
C. 可以委托外国律师
D. 必须委托外国律师

[要求] 仅输出正确选项的字母（如 A、B、C 或 D），不需要解释。",Correct Option: A,"<think>
A",10,正确 (A),Error,0,Connection error.
CMMLU_LITE_International_Law_7,📚 学科综合,"[任务] 请作为相关领域的专家，回答以下单项选择题。

[题目]
对于不动产的法定继承，甲国规定应依死者本国法，乙国规定应依死者最后住所地法，丙国规定应依不动产所在地法。且甲乙两国均认为自己的冲突法指引的外国法包括外国冲突法。设乙国公民死于丙国最后住所，在甲国留下一笔不动产，为继承此不动产，乙国公民的妻子在甲国提出继承不动产请求，甲国法院最后决定依丙国冲突法指定作为不动产所在地的甲国继承法判决了案件，这种情况在国际司法上叫

[选项]
A. 间接反致
B. 反致
C. 转致
D. 双重反致

[要求] 仅输出正确选项的字母（如 A、B、C 或 D），不需要解释。",Correct Option: C,"<think>
",0,"无法提取选项 (Raw: <think>
...)",Error,0,Connection error.
CMMLU_LITE_International_Law_9,📚 学科综合,"[任务] 请作为相关领域的专家，回答以下单项选择题。

[题目]
依英国法律规定，对产品责任采取的归责原则是

[选项]
A. 公平责任原则
B. 过错推定责任原则
C. 过失责任原则
D. 无过失责任原则

[要求] 仅输出正确选项的字母（如 A、B、C 或 D），不需要解释。",Correct Option: D,"<think>
D",10,正确 (D),Error,0,Connection error.
